,id,url,title,lead_text,description,date_start,date_end,occurrences,date_description,cover_url,cover_alt,cover_credit,tags,address_name,address_street,address_zipcode,address_city,lat_lon,pmr,blind,deaf,transport,contact_url,contact_phone,contact_mail,contact_facebook,contact_twitter,price_type,price_detail,access_type,access_link,access_link_text,updated_at,image_couverture,programs,address_url,address_url_text,address_text,title_event,audience,childrens,contributor_group
0,11172,https://www.paris.fr/evenements/ateliers-signes-avec-bebe-parents-enfant-0-3-ans-11172,Ateliers Signes avec bébé – Paris 11,"Les ateliers « Signes avec bébé » propose aux parents et aux enfants, de 0 à 3 ans, de découvrir la langue des signes à l’Atelier 77 (Paris 11e).","<p>Apprendre à « signer » avec son bébé en joignant le geste à la parole. La communication gestuelle dont le bébé va s'emparer très tôt pour s'exprimer à son tour. A démarrer dès les premiers mois.</p><h2>OCTOBRE</h2><h3>SAMEDI 15 À 16H30</h3><h5>DÉCOUVERTE :<br><em><em>ATELIER 77<br>77 RUE DE CHARONNE, 75011</em></em></h5><h2>NOVEMBRE</h2><h3>SAMEDI 19 À 16H30</h3><h5>DÉCOUVERTE :<br><em><em>ATELIER 77<br>77 RUE DE CHARONNE, 75011</em></em></h5><h2>DÉCEMBRE</h2><h3>SAMEDI 3 À 16H30</h3><h5>DÉCOUVERTE :<br><em><em>ATELIER 77<br>77 RUE DE CHARONNE, 75011</em></em></h5><h3>SAMEDI 3 À 17H30</h3><h5>COMPTINES GESTUELLES :<br><em><em>ATELIER 77<br>77 RUE DE CHARONNE, 75011</em></em></h5><h2>Janvier</h2><h3>SAMEDI 28 À 16H30</h3><h5>DÉCOUVERTE :<br><em><em>ATELIER 77<br>77 RUE DE CHARONNE, 75011</em></em></h5><h2>Février</h2><h3>SAMEDI 11 À 16H30</h3><h5>DÉCOUVERTE :<br><em><em>ATELIER 77<br>77 RUE DE CHARONNE, 75011</em></em></h5><h2>Mars</h2><h3>SAMEDI 18 À 16H30</h3><h5>DÉCOUVERTE :<br><em><em>ATELIER 77<br>77 RUE DE CHARONNE, 75011</em></em></h5><h3>SAMEDI 18 À 17H30</h3><h5>COMPTINES GESTUELLES :<br><em><em>ATELIER 77<br>77 RUE DE CHARONNE, 75011</em></em></h5><h2>Avril</h2><h3>SAMEDI 15 À 16H30</h3><h5>DÉCOUVERTE :<br><em><em>ATELIER 77<br>77 RUE DE CHARONNE, 75011</em></em></h5><h2>Mai</h2><h3>SAMEDI 13 À 16H30</h3><h5>DÉCOUVERTE :<br><em><em>ATELIER 77<br>77 RUE DE CHARONNE, 75011</em></em></h5><h2>Juin</h2><h3>SAMEDI 17 À 16H30</h3><h5>DÉCOUVERTE :<br><em><em>ATELIER 77<br>77 RUE DE CHARONNE, 75011</em></em></h5><h2>Des ateliers dès la naissance !</h2><p>Les bébés commencent à faire leurs premiers gestes (coucou, bravo…) dès le plus jeune âge. En développant cette gestuelle naturelle, les bébés pourront <strong>s’exprimer plus tôt</strong>, réduire leurs frustrations, pleurs et colères. Grâce à de petits signes empruntés à la <em><strong>Langue des signes française</strong></em>, ce langage <strong>simple </strong>et <strong>ludique</strong> vous permettra de mieux comprendre les envies, les besoins et les émotions de votre bébé, de <strong>stimuler son système d’apprentissage</strong> et d’<strong>accompagner l’émergence de</strong> <strong>la parole</strong>. Ces petits gestes – très faciles à reproduire – accompagnés de la parole<strong> </strong>grâce à des comptines, des jeux de doigts… se partageront lors d’un atelier familial bienveillant.</p><p><em><em><strong>&gt;&gt;</strong> L’<a href=""https://viviarto.com/organisateurs-ateliers-cours-artistiques/compagnie-maya/"" target=""_blank""><strong>Atelier Découverte</strong></a> vous initiera de façon ludique aux 20 premiers signes du quotidien de votre Bébé. Une affiche-mémo sera offerte à l’issue de l’atelier.</em></em></p><p><em><em><strong>&gt;&gt;</strong> Les <a href=""https://viviarto.com/organisateurs-ateliers-cours-artistiques/compagnie-maya/"" target=""_blank""><strong>Ateliers Comptines gestuelles</strong></a> sont uniquement destinés aux familles ayant déjà participé à un Atelier Découverte et qui souhaitent enrichir leur vocabulaire en signes et leur répertoire de comptines, ballades gestuelles…</em></em></p><p>Les frères, sœurs et grands-parents sont aussi les bienvenus !</p>",2022-11-19T16:30:00+00:00,2023-06-17T18:30:00+00:00,2023-01-28T16:30:00+01:00_2023-01-28T17:30:00+01:00;2023-02-11T16:30:00+01:00_2023-02-11T17:30:00+01:00;2023-03-18T16:30:00+01:00_2023-03-18T17:30:00+01:00;2023-03-18T17:30:00+01:00_2023-03-18T18:30:00+01:00;2023-04-15T17:30:00+02:00_2023-04-15T18:30:00+02:00;2023-05-13T17:30:00+02:00_2023-05-13T18:30:00+02:00;2023-06-17T17:30:00+02:00_2023-06-17T18:30:00+02:00,Le samedi 17 juin 2023<br />de 16h30 à 17h30<br />Le samedi 13 mai 2023<br />de 16h30 à 17h30<br />Le samedi 15 avril 2023<br />de 16h30 à 17h30<br />Le samedi 18 mars 2023<br />de 17h30 à 18h30<br />Le samedi 18 mars 2023<br />de 16h30 à 17h30<br />Le samedi 11 février 2023<br />de 16h30 à 17h30<br />Le samedi 28 janvier 2023<br />de 16h30 à 17h30<br />,https://cdn.paris.fr/qfapv4/2021/11/08/huge-30a74e04e481ab245831b8f9d9927fd9.jpg,signes avec bébé,compagnie maya,"Atelier,Enfants",Atelier 77,"77 rue de Charonne, 75011",75011,Paris,"48.8538799941791, 2.38147999270888",,,,,https://compagniemaya.com/signes-avec-bebe/,0612966598,contact@compagniemaya.com,https://www.facebook.com/compagniemaya75011,,payant,"Durée 1h. Tarif 25€ (1 adulte+1 enfant)
+ 10€ (enfant) / 15€ (adulte) accompagnateur suppl.

Atelier VISIO:  25 € la connexion",obligatoire,https://viviarto.com/organisateurs-ateliers-cours-artistiques/compagnie-maya/,,2022-10-16T20:38:28+00:00,https://opendata.paris.fr/api/v2/catalog/datasets/que-faire-a-paris-/files/33931b27b5e1e28821879505d15efe58,,,,,Ateliers «Signes avec bébé» : Parents-Enfant 0-3 ans,Public enfants adultes. Jusqu'à 3 ans.,,Associations
1,26921,https://www.paris.fr/evenements/exposition-d-illustrations-d-oeuvres-et-de-livres-en-tissu-de-louise-marie-cumont-26921,Exposition : Tissu d'histoires,"Louise-Marie Cumont est une artiste qui a fait du tissu et du fil son medium dans la littérature pour la jeunesse. L'exposition tissu d'histoires vous invite à découvrir ses œuvres, la délicatesse et la poésie de ses travaux.","<p><br></p><p>Ouvrir un livre en tissu de Louise-Marie Cumont, c’est
entrer dans un univers de formes, de couleurs, où la géométrie est présente à
travers tout un travail de patchwork d’une minutie extrême.</p><p>Les formes jouent entre elles, se répondent, créent des
ambiances et les jeux de regards des personnages rebrodés à la main invitent
les lecteurs à entrer en connivence avec eux.</p><p>L'exposition sera accompagnée d'une<strong> rencontre</strong> avec Louise-Marie Cumont, le 29 novembre à 19h.<br></p><p><br></p>",2022-11-15T00:00:00+00:00,2023-01-07T23:59:59+00:00,,Du mardi 15 novembre 2022 au samedi 07 janvier 2023 : <br />,https://cdn.paris.fr/qfapv4/2022/09/24/huge-1aa8254cc5ddaba74761b26bc964fba8.png,Livres en tissus de Louise-Marie Cumont,photos d'Anaïs Beaulieu,"Expo,Littérature",Bibliothèque Robert Sabatier,29 rue Hermel,75018,Paris,"48.8915359875614, 2.34443600398694",,,,,,,,,,gratuit,Une exposition à découvrir à partir du 15 novembre 2022 dans les espaces de la bibliothèque Robert Sabatier.,non,,,2022-10-19T10:19:03+00:00,https://opendata.paris.fr/api/v2/catalog/datasets/que-faire-a-paris-/files/7a8d41679d456ffcb164d33664159776,Lire l'enfance : Programmation en écho à l'exposition autour des éditions MeMo (https://www.paris.fr/evenements/lire-l-enfance-programmation-en-echo-a-l-exposition-autour-des-editions-memo-25911),,,,,Tout public.,,Bibliothèques
2,28183,https://www.paris.fr/evenements/theatre-adieu-modestine-28183,"Adieu, Modestine!","Découvrez le périple de Stevenson et de son ânesse Modestine dans les Cévennes ! Une comédie familiale aux dialogues savoureux, pleins d’humour et de finesse.","<p>Adieu,
Modestine ! est une création issue du roman de Stevenson Voyage avec un âne
dans les Cévennes. Cette comédie présente au public la galerie de personnages
pittoresques rencontrés par Stevenson tout au long de son voyage. Nous suivons
les aventures de cet ânier débutant, amateur de marche à pied, et rêveur
invétéré. Le spectacle nous plonge dans la France du XIXème siècle, à travers
des dialogues savoureux ; quant au récit de Stevenson, plein d’humour et de
finesse, il dessine la magnificence des Cévennes, la beauté d’une nature
sauvage et préservée, et nous invite à la contemplation.</p><p><strong>Ce spectacle fait parti de la programmation du festival Nouvel Acte <br></strong>Le Festival Nouvel Acte est né de la volonté du Théâtre le Funambule Montmartre d’apporter son soutien aux jeunes compagnies et d’encourager la création des artistes émergents. D’octobre à mars chaque compagnie jouera sa pièce quatre mardis consécutifs. À l’issue, un spectacle intégrera la programmation pour 60 représentations. C’est notre monde d’après…</p>",2022-12-06T21:00:00+00:00,2022-12-27T22:15:00+00:00,2022-12-27T21:00:00+01:00_2022-12-27T22:15:00+01:00,Le mardi 27 décembre 2022<br />de 21h00 à 22h15<br />,https://cdn.paris.fr/qfapv4/2022/10/20/huge-df6eae518e0f671aa7990b0a8a60933b.jpeg,,adieu modestine,Théâtre,Théâtre le Funambule,53 rue des saules,75001,Paris,"48.8907509804195, 2.34041696523335",1.0,,,,https://www.funambule-montmartre.com/spectacle/305/adieu-modestine?utm_source=QUEFAIREAPARIS&utm_medium=&utm_campaign=,0142238883,billetterie@funambule-montmartre.com,https://www.facebook.com/LeFunambuleMontmartre/,https://twitter.com/funambulem,payant,"Plein tarif : 30€
Tarif jeune moins de 26 ans : 10€
Tarif réduit sur le site du théâtre",conseillée,https://www.funambule-montmartre.com/spectacle/305/adieu-modestine?utm_source=QUEFAIREAPARIS&utm_medium=&utm_campaign=,Réservation,2022-10-21T09:25:03+00:00,https://opendata.paris.fr/api/v2/catalog/datasets/que-faire-a-paris-/files/bd3f914e93f6a676307a3bdfaf2c3790,,,,,,Tout public.,,Internautes
3,28181,https://www.paris.fr/evenements/spectacle-humour-dopamine-28181,Spectacle humour DOPAMINE,DOPAMINE est un spectacle d'humour à retrouver tous les jeudis à 21H au théâtre du Palais des Glaces.,"<p>Comment trouver du plaisir à long terme dans le monde d'aujourd'hui ? Nous sommes devenus des junkies. Drogués par la recherche constante de nouveauté, nous donnons notre temps, notre argent, notre cerveau, nos yeux. et notre identité pour quelques shoots de dopamine. Ça va vite, ça bouge, ça a l'air bien parce qu'on n'a plus le temps de se demander si ça l'est.</p><p>Mise en Scène : Nabla Leviste</p><p>Co Auteur : Antoine Ponsart</p>",2022-10-20T22:00:00+00:00,2022-12-29T22:00:00+00:00,2022-10-20T22:00:00+02:00_2022-10-20T23:00:00+02:00;2022-10-27T22:00:00+02:00_2022-10-27T23:00:00+02:00;2022-11-03T21:00:00+01:00_2022-11-03T22:00:00+01:00;2022-11-10T21:00:00+01:00_2022-11-10T22:00:00+01:00;2022-11-17T21:00:00+01:00_2022-11-17T22:00:00+01:00;2022-11-24T21:00:00+01:00_2022-11-24T22:00:00+01:00;2022-12-01T21:00:00+01:00_2022-12-01T22:00:00+01:00;2022-12-08T21:00:00+01:00_2022-12-08T22:00:00+01:00;2022-12-15T21:00:00+01:00_2022-12-15T22:00:00+01:00;2022-12-22T21:00:00+01:00_2022-12-22T22:00:00+01:00;2022-12-29T21:00:00+01:00_2022-12-29T22:00:00+01:00,Du jeudi 20 octobre 2022 au jeudi 29 décembre 2022 : <br />jeudi<br /> de 21h00 à 22h00<br />,https://cdn.paris.fr/qfapv4/2022/10/20/huge-cab3d81eff325f3898f8959f256535e4.jpg,DOPAMINE un spectacle qui plonge dans le moment présent,Ingrid Mareski,"Humour,Loisirs,Théâtre",Palais des Glaces,37 Rue du Faubourg du Temple,75010,Paris,"48.8691500196555, 2.36829400172843",,,,,https://ahusendilmen.fr/,,as.a2production@gmail.com,,,payant,10€ la place,obligatoire,https://indiv.themisweb.fr/0045/fChoixSeance.aspx?idstructure=0045&EventId=418&request=QcE+w0WHSuCscrRhY+2JdswZ4KZwtePwD7akGZeyr4neoIj7owQE8MmAK74CQQFQbix6xWiXhfw=&yymm=20220929,Réservations,2022-11-02T11:01:59+00:00,https://opendata.paris.fr/api/v2/catalog/datasets/que-faire-a-paris-/files/f87629539dc3af5b2ca0198c8b6e4768,,,,,DOPAMINE,Public  adolescents adultes.,,Internautes
4,28727,https://www.paris.fr/evenements/foules-a-la-cite-des-sciences-et-de-l-industrie-28727,Foules à la Cité des sciences et de l'industrie,"Laissez-vous emporter par Foules, la nouvelle exposition temporaire de la Cité des sciences et de l’industrie. De l’observation, mais aussi de l’action pour comprendre les nombreux phénomènes de foule grâce à une scénographie ingénieuse. Au croisement de nombreuses disciplines scientifiques – mécanique des fluides, physique granulaire, mathématiques, sciences cognitives et sociologie –, l’étude de la foule, qu'elle soit compacte, dilatée ou à distance, livre un éclairage contemporain qui lève les préjugés à son égard et réconcilie avec la foule.","<p>Au milieu des autres, nous sommes transportés d’enthousiasme ou ballotés en tous sens. De ces interactions émergent des phénomènes collectifs que l’exposition <em>Foules</em> s’attache à décortiquer.</p><p>Comment s’étudient les foules compactes des grands rassemblements ? À quelles règles cachées obéissons-nous sans le savoir quand nous circulons au milieu des autres ? Comment se forment les grands mouvements d’opinion qui enflent sur les réseaux sociaux ?</p><p>Objet de nombreuses critiques, la foule a souvent été perçue dans notre imaginaire collectif comme une étrange, voire inquiétante créature. En s’appuyant sur la recherche interdisciplinaire la plus contemporaine, <em>Foules</em> entend déconstruire l’image négative qui lui a trop longtemps été associée.</p><h2>Le Parcours :</h2><p><strong>Prélude : échantillons de foule</strong></p><p>Foule serrée, dense, éparse, aérée ? Une installation artistique pour savoir à quelle foule vous avez affaire sur une échelle de 0 à 10 et qui vous immerge aussitôt au cœur du sujet.</p><p><strong>Foules compactes</strong></p><p>Si l’on prend de la hauteur, une foule très serrée ressemble à un ensemble de grains tassés… et obéit finalement aux mêmes lois physiques. C’est une réalité : la foule emporte, même si personne ne pousse. Les scientifiques donnent quelques conseils pour s’en échapper, expliquent comment fluidifier les rassemblements et faciliter les évacuations d’urgence. On découvre toute la créativité dont ils et elles font preuve pour réaliser leurs expériences.</p><p><strong>Foules piétonnes</strong></p><p>Où l’on analyse ce qui se fait pourtant tous les jours sans réfléchir : circuler au milieu des autres, se tenir à juste distance de ses voisins. L’occasion de relater des études passionnantes sur les êtres humains, mais également sur les animaux et même sur les personnages imaginaires qui peuplent les foules de cinéma et de jeu vidéo.</p><p><strong>Foules numériques</strong></p><p>Même quand les individus sont éloignés, on peut parler de foule. Il suffit qu’ils communiquent. Par le bouche à oreille, quand ils chantent en chœur ou dialoguent sur les réseaux sociaux. L’exposition se penche sur le fonctionnement des réseaux sociaux et sur la façon dont ils nous ouvrent vers l’inconnu ou nous enferment dans nos préjugés.</p><p><strong>La mauvaise réputation</strong></p><p>S’il est vrai que les mouvements collectifs peuvent être le théâtre du pire, ils génèrent également de la solidarité et une forme d’intelligence collective : c’est ce que montre le spectacle audiovisuel <em>La mauvaise réputation</em>, au croisement des approches historique, sociologique, politique, psychologique et anthropologique. L’occasion aussi d’interroger la notion de panique en situation de foule.</p><p><strong>De l’autre côté du miroir</strong></p><p>Surprise !</p>",2022-10-18T11:00:00+00:00,2023-08-06T19:00:00+00:00,2022-10-18T11:00:00+02:00_2022-10-18T19:00:00+02:00;2022-10-19T11:00:00+02:00_2022-10-19T19:00:00+02:00;2022-10-20T11:00:00+02:00_2022-10-20T19:00:00+02:00;2022-10-21T11:00:00+02:00_2022-10-21T19:00:00+02:00;2022-10-22T11:00:00+02:00_2022-10-22T19:00:00+02:00;2022-10-23T11:00:00+02:00_2022-10-23T19:00:00+02:00;2022-10-25T11:00:00+02:00_2022-10-25T19:00:00+02:00;2022-10-26T11:00:00+02:00_2022-10-26T19:00:00+02:00;2022-10-27T11:00:00+02:00_2022-10-27T19:00:00+02:00;2022-10-28T11:00:00+02:00_2022-10-28T19:00:00+02:00;2022-10-29T11:00:00+02:00_2022-10-29T19:00:00+02:00;2022-10-30T10:00:00+01:00_2022-10-30T18:00:00+01:00;2022-11-01T10:00:00+01:00_2022-11-01T18:00:00+01:00;2022-11-02T10:00:00+01:00_2022-11-02T18:00:00+01:00;2022-11-03T10:00:00+01:00_2022-11-03T18:00:00+01:00;2022-11-04T10:00:00+01:00_2022-11-04T18:00:00+01:00;2022-11-05T10:00:00+01:00_2022-11-05T18:00:00+01:00;2022-11-06T10:00:00+01:00_2022-11-06T18:00:00+01:00;2022-11-08T10:00:00+01:00_2022-11-08T18:00:00+01:00;2022-11-09T10:00:00+01:00_2022-11-09T18:00:00+01:00;2022-11-10T10:00:00+01:00_2022-11-10T18:00:00+01:00;2022-11-11T10:00:00+01:00_2022-11-11T18:00:00+01:00;2022-11-12T10:00:00+01:00_2022-11-12T18:00:00+01:00;2022-11-13T10:00:00+01:00_2022-11-13T18:00:00+01:00;2022-11-15T10:00:00+01:00_2022-11-15T18:00:00+01:00;2022-11-16T10:00:00+01:00_2022-11-16T18:00:00+01:00;2022-11-17T10:00:00+01:00_2022-11-17T18:00:00+01:00;2022-11-18T10:00:00+01:00_2022-11-18T18:00:00+01:00;2022-11-19T10:00:00+01:00_2022-11-19T18:00:00+01:00;2022-11-20T10:00:00+01:00_2022-11-20T18:00:00+01:00;2022-11-22T10:00:00+01:00_2022-11-22T18:00:00+01:00;2022-11-23T10:00:00+01:00_2022-11-23T18:00:00+01:00;2022-11-24T10:00:00+01:00_2022-11-24T18:00:00+01:00;2022-11-25T10:00:00+01:00_2022-11-25T18:00:00+01:00;2022-11-26T10:00:00+01:00_2022-11-26T18:00:00+01:00;2022-11-27T10:00:00+01:00_2022-11-27T18:00:00+01:00;2022-11-29T10:00:00+01:00_2022-11-29T18:00:00+01:00;2022-11-30T10:00:00+01:00_2022-11-30T18:00:00+01:00;2022-12-01T10:00:00+01:00_2022-12-01T18:00:00+01:00;2022-12-02T10:00:00+01:00_2022-12-02T18:00:00+01:00;2022-12-03T10:00:00+01:00_2022-12-03T18:00:00+01:00;2022-12-04T10:00:00+01:00_2022-12-04T18:00:00+01:00;2022-12-06T10:00:00+01:00_2022-12-06T18:00:00+01:00;2022-12-07T10:00:00+01:00_2022-12-07T18:00:00+01:00;2022-12-08T10:00:00+01:00_2022-12-08T18:00:00+01:00;2022-12-09T10:00:00+01:00_2022-12-09T18:00:00+01:00;2022-12-10T10:00:00+01:00_2022-12-10T18:00:00+01:00;2022-12-11T10:00:00+01:00_2022-12-11T18:00:00+01:00;2022-12-13T10:00:00+01:00_2022-12-13T18:00:00+01:00;2022-12-14T10:00:00+01:00_2022-12-14T18:00:00+01:00;2022-12-15T10:00:00+01:00_2022-12-15T18:00:00+01:00;2022-12-16T10:00:00+01:00_2022-12-16T18:00:00+01:00;2022-12-17T10:00:00+01:00_2022-12-17T18:00:00+01:00;2022-12-18T10:00:00+01:00_2022-12-18T18:00:00+01:00;2022-12-20T10:00:00+01:00_2022-12-20T18:00:00+01:00;2022-12-21T10:00:00+01:00_2022-12-21T18:00:00+01:00;2022-12-22T10:00:00+01:00_2022-12-22T18:00:00+01:00;2022-12-23T10:00:00+01:00_2022-12-23T18:00:00+01:00;2022-12-24T10:00:00+01:00_2022-12-24T18:00:00+01:00;2022-12-25T10:00:00+01:00_2022-12-25T18:00:00+01:00;2022-12-27T10:00:00+01:00_2022-12-27T18:00:00+01:00;2022-12-28T10:00:00+01:00_2022-12-28T18:00:00+01:00;2022-12-29T10:00:00+01:00_2022-12-29T18:00:00+01:00;2022-12-30T10:00:00+01:00_2022-12-30T18:00:00+01:00;2022-12-31T10:00:00+01:00_2022-12-31T18:00:00+01:00;2023-01-01T10:00:00+01:00_2023-01-01T18:00:00+01:00;2023-01-03T10:00:00+01:00_2023-01-03T18:00:00+01:00;2023-01-04T10:00:00+01:00_2023-01-04T18:00:00+01:00;2023-01-05T10:00:00+01:00_2023-01-05T18:00:00+01:00;2023-01-06T10:00:00+01:00_2023-01-06T18:00:00+01:00;2023-01-07T10:00:00+01:00_2023-01-07T18:00:00+01:00;2023-01-08T10:00:00+01:00_2023-01-08T18:00:00+01:00;2023-01-10T10:00:00+01:00_2023-01-10T18:00:00+01:00;2023-01-11T10:00:00+01:00_2023-01-11T18:00:00+01:00;2023-01-12T10:00:00+01:00_2023-01-12T18:00:00+01:00;2023-01-13T10:00:00+01:00_2023-01-13T18:00:00+01:00;2023-01-14T10:00:00+01:00_2023-01-14T18:00:00+01:00;2023-01-15T10:00:00+01:00_2023-01-15T18:00:00+01:00;2023-01-17T10:00:00+01:00_2023-01-17T18:00:00+01:00;2023-01-18T10:00:00+01:00_2023-01-18T18:00:00+01:00;2023-01-19T10:00:00+01:00_2023-01-19T18:00:00+01:00;2023-01-20T10:00:00+01:00_2023-01-20T18:00:00+01:00;2023-01-21T10:00:00+01:00_2023-01-21T18:00:00+01:00;2023-01-22T10:00:00+01:00_2023-01-22T18:00:00+01:00;2023-01-24T10:00:00+01:00_2023-01-24T18:00:00+01:00;2023-01-25T10:00:00+01:00_2023-01-25T18:00:00+01:00;2023-01-26T10:00:00+01:00_2023-01-26T18:00:00+01:00;2023-01-27T10:00:00+01:00_2023-01-27T18:00:00+01:00;2023-01-28T10:00:00+01:00_2023-01-28T18:00:00+01:00;2023-01-29T10:00:00+01:00_2023-01-29T18:00:00+01:00;2023-01-31T10:00:00+01:00_2023-01-31T18:00:00+01:00;2023-02-01T10:00:00+01:00_2023-02-01T18:00:00+01:00;2023-02-02T10:00:00+01:00_2023-02-02T18:00:00+01:00;2023-02-03T10:00:00+01:00_2023-02-03T18:00:00+01:00;2023-02-04T10:00:00+01:00_2023-02-04T18:00:00+01:00;2023-02-05T10:00:00+01:00_2023-02-05T18:00:00+01:00;2023-02-07T10:00:00+01:00_2023-02-07T18:00:00+01:00;2023-02-08T10:00:00+01:00_2023-02-08T18:00:00+01:00;2023-02-09T10:00:00+01:00_2023-02-09T18:00:00+01:00;2023-02-10T10:00:00+01:00_2023-02-10T18:00:00+01:00;2023-02-11T10:00:00+01:00_2023-02-11T18:00:00+01:00;2023-02-12T10:00:00+01:00_2023-02-12T18:00:00+01:00;2023-02-14T10:00:00+01:00_2023-02-14T18:00:00+01:00;2023-02-15T10:00:00+01:00_2023-02-15T18:00:00+01:00;2023-02-16T10:00:00+01:00_2023-02-16T18:00:00+01:00;2023-02-17T10:00:00+01:00_2023-02-17T18:00:00+01:00;2023-02-18T10:00:00+01:00_2023-02-18T18:00:00+01:00;2023-02-19T10:00:00+01:00_2023-02-19T18:00:00+01:00;2023-02-21T10:00:00+01:00_2023-02-21T18:00:00+01:00;2023-02-22T10:00:00+01:00_2023-02-22T18:00:00+01:00;2023-02-23T10:00:00+01:00_2023-02-23T18:00:00+01:00;2023-02-24T10:00:00+01:00_2023-02-24T18:00:00+01:00;2023-02-25T10:00:00+01:00_2023-02-25T18:00:00+01:00;2023-02-26T10:00:00+01:00_2023-02-26T18:00:00+01:00;2023-02-28T10:00:00+01:00_2023-02-28T18:00:00+01:00;2023-03-01T10:00:00+01:00_2023-03-01T18:00:00+01:00;2023-03-02T10:00:00+01:00_2023-03-02T18:00:00+01:00;2023-03-03T10:00:00+01:00_2023-03-03T18:00:00+01:00;2023-03-04T10:00:00+01:00_2023-03-04T18:00:00+01:00;2023-03-05T10:00:00+01:00_2023-03-05T18:00:00+01:00;2023-03-07T10:00:00+01:00_2023-03-07T18:00:00+01:00;2023-03-08T10:00:00+01:00_2023-03-08T18:00:00+01:00;2023-03-09T10:00:00+01:00_2023-03-09T18:00:00+01:00;2023-03-10T10:00:00+01:00_2023-03-10T18:00:00+01:00;2023-03-11T10:00:00+01:00_2023-03-11T18:00:00+01:00;2023-03-12T10:00:00+01:00_2023-03-12T18:00:00+01:00;2023-03-14T10:00:00+01:00_2023-03-14T18:00:00+01:00;2023-03-15T10:00:00+01:00_2023-03-15T18:00:00+01:00;2023-03-16T10:00:00+01:00_2023-03-16T18:00:00+01:00;2023-03-17T10:00:00+01:00_2023-03-17T18:00:00+01:00;2023-03-18T10:00:00+01:00_2023-03-18T18:00:00+01:00;2023-03-19T10:00:00+01:00_2023-03-19T18:00:00+01:00;2023-03-21T10:00:00+01:00_2023-03-21T18:00:00+01:00;2023-03-22T10:00:00+01:00_2023-03-22T18:00:00+01:00;2023-03-23T10:00:00+01:00_2023-03-23T18:00:00+01:00;2023-03-24T10:00:00+01:00_2023-03-24T18:00:00+01:00;2023-03-25T10:00:00+01:00_2023-03-25T18:00:00+01:00;2023-03-26T11:00:00+02:00_2023-03-26T19:00:00+02:00;2023-03-28T11:00:00+02:00_2023-03-28T19:00:00+02:00;2023-03-29T11:00:00+02:00_2023-03-29T19:00:00+02:00;2023-03-30T11:00:00+02:00_2023-03-30T19:00:00+02:00;2023-03-31T11:00:00+02:00_2023-03-31T19:00:00+02:00;2023-04-01T11:00:00+02:00_2023-04-01T19:00:00+02:00;2023-04-02T11:00:00+02:00_2023-04-02T19:00:00+02:00;2023-04-04T11:00:00+02:00_2023-04-04T19:00:00+02:00;2023-04-05T11:00:00+02:00_2023-04-05T19:00:00+02:00;2023-04-06T11:00:00+02:00_2023-04-06T19:00:00+02:00;2023-04-07T11:00:00+02:00_2023-04-07T19:00:00+02:00;2023-04-08T11:00:00+02:00_2023-04-08T19:00:00+02:00;2023-04-09T11:00:00+02:00_2023-04-09T19:00:00+02:00;2023-04-11T11:00:00+02:00_2023-04-11T19:00:00+02:00;2023-04-12T11:00:00+02:00_2023-04-12T19:00:00+02:00;2023-04-13T11:00:00+02:00_2023-04-13T19:00:00+02:00;2023-04-14T11:00:00+02:00_2023-04-14T19:00:00+02:00;2023-04-15T11:00:00+02:00_2023-04-15T19:00:00+02:00;2023-04-16T11:00:00+02:00_2023-04-16T19:00:00+02:00;2023-04-18T11:00:00+02:00_2023-04-18T19:00:00+02:00;2023-04-19T11:00:00+02:00_2023-04-19T19:00:00+02:00;2023-04-20T11:00:00+02:00_2023-04-20T19:00:00+02:00;2023-04-21T11:00:00+02:00_2023-04-21T19:00:00+02:00;2023-04-22T11:00:00+02:00_2023-04-22T19:00:00+02:00;2023-04-23T11:00:00+02:00_2023-04-23T19:00:00+02:00;2023-04-25T11:00:00+02:00_2023-04-25T19:00:00+02:00;2023-04-26T11:00:00+02:00_2023-04-26T19:00:00+02:00;2023-04-27T11:00:00+02:00_2023-04-27T19:00:00+02:00;2023-04-28T11:00:00+02:00_2023-04-28T19:00:00+02:00;2023-04-29T11:00:00+02:00_2023-04-29T19:00:00+02:00;2023-04-30T11:00:00+02:00_2023-04-30T19:00:00+02:00;2023-05-02T11:00:00+02:00_2023-05-02T19:00:00+02:00;2023-05-03T11:00:00+02:00_2023-05-03T19:00:00+02:00;2023-05-04T11:00:00+02:00_2023-05-04T19:00:00+02:00;2023-05-05T11:00:00+02:00_2023-05-05T19:00:00+02:00;2023-05-06T11:00:00+02:00_2023-05-06T19:00:00+02:00;2023-05-07T11:00:00+02:00_2023-05-07T19:00:00+02:00;2023-05-09T11:00:00+02:00_2023-05-09T19:00:00+02:00;2023-05-10T11:00:00+02:00_2023-05-10T19:00:00+02:00;2023-05-11T11:00:00+02:00_2023-05-11T19:00:00+02:00;2023-05-12T11:00:00+02:00_2023-05-12T19:00:00+02:00;2023-05-13T11:00:00+02:00_2023-05-13T19:00:00+02:00;2023-05-14T11:00:00+02:00_2023-05-14T19:00:00+02:00;2023-05-16T11:00:00+02:00_2023-05-16T19:00:00+02:00;2023-05-17T11:00:00+02:00_2023-05-17T19:00:00+02:00;2023-05-18T11:00:00+02:00_2023-05-18T19:00:00+02:00;2023-05-19T11:00:00+02:00_2023-05-19T19:00:00+02:00;2023-05-20T11:00:00+02:00_2023-05-20T19:00:00+02:00;2023-05-21T11:00:00+02:00_2023-05-21T19:00:00+02:00;2023-05-23T11:00:00+02:00_2023-05-23T19:00:00+02:00;2023-05-24T11:00:00+02:00_2023-05-24T19:00:00+02:00;2023-05-25T11:00:00+02:00_2023-05-25T19:00:00+02:00;2023-05-26T11:00:00+02:00_2023-05-26T19:00:00+02:00;2023-05-27T11:00:00+02:00_2023-05-27T19:00:00+02:00;2023-05-28T11:00:00+02:00_2023-05-28T19:00:00+02:00;2023-05-30T11:00:00+02:00_2023-05-30T19:00:00+02:00;2023-05-31T11:00:00+02:00_2023-05-31T19:00:00+02:00;2023-06-01T11:00:00+02:00_2023-06-01T19:00:00+02:00;2023-06-02T11:00:00+02:00_2023-06-02T19:00:00+02:00;2023-06-03T11:00:00+02:00_2023-06-03T19:00:00+02:00;2023-06-04T11:00:00+02:00_2023-06-04T19:00:00+02:00;2023-06-06T11:00:00+02:00_2023-06-06T19:00:00+02:00;2023-06-07T11:00:00+02:00_2023-06-07T19:00:00+02:00;2023-06-08T11:00:00+02:00_2023-06-08T19:00:00+02:00;2023-06-09T11:00:00+02:00_2023-06-09T19:00:00+02:00;2023-06-10T11:00:00+02:00_2023-06-10T19:00:00+02:00;2023-06-11T11:00:00+02:00_2023-06-11T19:00:00+02:00;2023-06-13T11:00:00+02:00_2023-06-13T19:00:00+02:00;2023-06-14T11:00:00+02:00_2023-06-14T19:00:00+02:00;2023-06-15T11:00:00+02:00_2023-06-15T19:00:00+02:00;2023-06-16T11:00:00+02:00_2023-06-16T19:00:00+02:00;2023-06-17T11:00:00+02:00_2023-06-17T19:00:00+02:00;2023-06-18T11:00:00+02:00_2023-06-18T19:00:00+02:00;2023-06-20T11:00:00+02:00_2023-06-20T19:00:00+02:00;2023-06-21T11:00:00+02:00_2023-06-21T19:00:00+02:00;2023-06-22T11:00:00+02:00_2023-06-22T19:00:00+02:00;2023-06-23T11:00:00+02:00_2023-06-23T19:00:00+02:00;2023-06-24T11:00:00+02:00_2023-06-24T19:00:00+02:00;2023-06-25T11:00:00+02:00_2023-06-25T19:00:00+02:00;2023-06-27T11:00:00+02:00_2023-06-27T19:00:00+02:00;2023-06-28T11:00:00+02:00_2023-06-28T19:00:00+02:00;2023-06-29T11:00:00+02:00_2023-06-29T19:00:00+02:00;2023-06-30T11:00:00+02:00_2023-06-30T19:00:00+02:00;2023-07-01T11:00:00+02:00_2023-07-01T19:00:00+02:00;2023-07-02T11:00:00+02:00_2023-07-02T19:00:00+02:00;2023-07-04T11:00:00+02:00_2023-07-04T19:00:00+02:00;2023-07-05T11:00:00+02:00_2023-07-05T19:00:00+02:00;2023-07-06T11:00:00+02:00_2023-07-06T19:00:00+02:00;2023-07-07T11:00:00+02:00_2023-07-07T19:00:00+02:00;2023-07-08T11:00:00+02:00_2023-07-08T19:00:00+02:00;2023-07-09T11:00:00+02:00_2023-07-09T19:00:00+02:00;2023-07-11T11:00:00+02:00_2023-07-11T19:00:00+02:00;2023-07-12T11:00:00+02:00_2023-07-12T19:00:00+02:00;2023-07-13T11:00:00+02:00_2023-07-13T19:00:00+02:00;2023-07-14T11:00:00+02:00_2023-07-14T19:00:00+02:00;2023-07-15T11:00:00+02:00_2023-07-15T19:00:00+02:00;2023-07-16T11:00:00+02:00_2023-07-16T19:00:00+02:00;2023-07-18T11:00:00+02:00_2023-07-18T19:00:00+02:00;2023-07-19T11:00:00+02:00_2023-07-19T19:00:00+02:00;2023-07-20T11:00:00+02:00_2023-07-20T19:00:00+02:00;2023-07-21T11:00:00+02:00_2023-07-21T19:00:00+02:00;2023-07-22T11:00:00+02:00_2023-07-22T19:00:00+02:00;2023-07-23T11:00:00+02:00_2023-07-23T19:00:00+02:00;2023-07-25T11:00:00+02:00_2023-07-25T19:00:00+02:00;2023-07-26T11:00:00+02:00_2023-07-26T19:00:00+02:00;2023-07-27T11:00:00+02:00_2023-07-27T19:00:00+02:00;2023-07-28T11:00:00+02:00_2023-07-28T19:00:00+02:00;2023-07-29T11:00:00+02:00_2023-07-29T19:00:00+02:00;2023-07-30T11:00:00+02:00_2023-07-30T19:00:00+02:00;2023-08-01T11:00:00+02:00_2023-08-01T19:00:00+02:00;2023-08-02T11:00:00+02:00_2023-08-02T19:00:00+02:00;2023-08-03T11:00:00+02:00_2023-08-03T19:00:00+02:00;2023-08-04T11:00:00+02:00_2023-08-04T19:00:00+02:00;2023-08-05T11:00:00+02:00_2023-08-05T19:00:00+02:00;2023-08-06T11:00:00+02:00_2023-08-06T19:00:00+02:00,"Du mardi 18 octobre 2022 au dimanche 06 août 2023 : <br />mardi, mercredi, jeudi, vendredi, samedi, dimanche<br /> de 10h00 à 18h00<br />",https://cdn.paris.fr/qfapv4/2022/11/07/huge-2b4ed58c37db5ed31abe3547ed0732c1.png,,©DR/Cité des sciences,Expo,Cité des sciences et de l'industrie,30 avenue Corentin-Cariou,75019,Paris,"48.8972399984008, 2.38557497150524",,,,,https://www.cite-sciences.fr/fr/au-programme/expos-temporaires/foules#item-grid-141219,,,,,payant,,obligatoire,https://billetterie.cite-sciences.fr/expositions.html?tx_site_offerbooking[offer]=2&cHash=ace14b6ac3c81a570effd803b9f26f90&_ga=2.58155695.420628978.1667827297-223350442.1660039702,Réservations,2022-11-07T14:30:19+00:00,https://opendata.paris.fr/api/v2/catalog/datasets/que-faire-a-paris-/files/47fc4fda390c6c18cc360a6dd8bc6083,,,,,,Tout public.,,Agenda
